umap_n_components,umap_n_neighbors,umap_min_dist,umap_metric,hdbscan_min_cluster_size,hdbscan_cluster_selection_method,hdbscan_metric
15,10,0.0,correlation,10,eom,cosine
15,10,0.0,correlation,10,eom,euclidean
15,10,0.0,correlation,15,eom,cosine
15,10,0.0,correlation,15,eom,euclidean
15,10,0.0,cosine,10,eom,cosine
15,10,0.0,cosine,10,eom,euclidean
15,10,0.0,cosine,15,eom,cosine
15,10,0.0,cosine,15,eom,euclidean
15,10,0.05,correlation,10,eom,cosine
15,10,0.05,correlation,10,eom,euclidean
15,10,0.05,correlation,15,eom,cosine
15,10,0.05,correlation,15,eom,euclidean
15,10,0.05,cosine,10,eom,cosine
15,10,0.05,cosine,10,eom,euclidean
15,10,0.05,cosine,15,eom,cosine
15,10,0.05,cosine,15,eom,euclidean
15,15,0.0,correlation,10,eom,cosine
15,15,0.0,correlation,10,eom,euclidean
15,15,0.0,correlation,15,eom,cosine
15,15,0.0,correlation,15,eom,euclidean
15,15,0.0,cosine,10,eom,cosine
15,15,0.0,cosine,10,eom,euclidean
15,15,0.0,cosine,15,eom,cosine
15,15,0.0,cosine,15,eom,euclidean
15,15,0.05,correlation,10,eom,cosine
15,15,0.05,correlation,10,eom,euclidean
15,15,0.05,correlation,15,eom,cosine
15,15,0.05,correlation,15,eom,euclidean
15,15,0.05,cosine,10,eom,cosine
15,15,0.05,cosine,10,eom,euclidean
15,15,0.05,cosine,15,eom,cosine
15,15,0.05,cosine,15,eom,euclidean
35,10,0.0,correlation,10,eom,cosine
35,10,0.0,correlation,10,eom,euclidean
35,10,0.0,correlation,15,eom,cosine
35,10,0.0,correlation,15,eom,euclidean
35,10,0.0,cosine,10,eom,cosine
35,10,0.0,cosine,10,eom,euclidean
35,10,0.0,cosine,15,eom,cosine
35,10,0.0,cosine,15,eom,euclidean
35,10,0.05,correlation,10,eom,cosine
35,10,0.05,correlation,10,eom,euclidean
35,10,0.05,correlation,15,eom,cosine
35,10,0.05,correlation,15,eom,euclidean
35,10,0.05,cosine,10,eom,cosine
35,10,0.05,cosine,10,eom,euclidean
35,10,0.05,cosine,15,eom,cosine
35,10,0.05,cosine,15,eom,euclidean
35,15,0.0,correlation,10,eom,cosine
35,15,0.0,correlation,10,eom,euclidean
35,15,0.0,correlation,15,eom,cosine
35,15,0.0,correlation,15,eom,euclidean
35,15,0.0,cosine,10,eom,cosine
35,15,0.0,cosine,10,eom,euclidean
35,15,0.0,cosine,15,eom,cosine
35,15,0.0,cosine,15,eom,euclidean
35,15,0.05,correlation,10,eom,cosine
35,15,0.05,correlation,10,eom,euclidean
35,15,0.05,correlation,15,eom,cosine
35,15,0.05,correlation,15,eom,euclidean
35,15,0.05,cosine,10,eom,cosine
35,15,0.05,cosine,10,eom,euclidean
35,15,0.05,cosine,15,eom,cosine
35,15,0.05,cosine,15,eom,euclidean
